date,total_predictions,games_completed,correct_predictions,accuracy,avg_confidence,config_version,commit_hash
2025-11-03,169,169,156,0.9230769230769231,0.7491378424986703,7dd58a0bb0e2,98cbb65
2025-11-04,36,36,34,0.9444444444444444,0.7518644820736515,7dd58a0bb0e2,98cbb65
2025-11-05,35,35,34,0.9714285714285714,0.787357824679089,7dd58a0bb0e2,98cbb65
2025-11-06,44,44,39,0.8863636363636364,0.7369026471176543,7dd58a0bb0e2,98cbb65
2025-11-07,76,76,62,0.8157894736842105,0.7041448612255563,7dd58a0bb0e2,98cbb65
2025-11-08,69,69,56,0.8115942028985508,0.6999151806043533,7dd58a0bb0e2,98cbb65
2025-11-09,34,34,27,0.7941176470588235,0.6991164283195646,7dd58a0bb0e2,98cbb65
2025-11-10,40,40,33,0.825,0.7847742181152547,7dd58a0bb0e2,98cbb65
2025-11-11,82,82,62,0.7560975609756098,0.7903481776704755,7dd58a0bb0e2,98cbb65
2025-11-12,54,54,48,0.8888888888888888,0.7783425129002988,7dd58a0bb0e2,98cbb65
2025-11-13,26,26,24,0.9230769230769231,0.7543402820647958,7dd58a0bb0e2,98cbb65
2025-11-14,50,50,36,0.72,0.7622688893705061,7dd58a0bb0e2,98cbb65
2025-11-15,82,82,59,0.7195121951219512,0.7699712545423598,7dd58a0bb0e2,98cbb65
2025-11-16,34,34,25,0.7352941176470589,0.7608894083991877,7dd58a0bb0e2,98cbb65
2025-11-17,34,34,29,0.8529411764705882,0.7751429919481252,7dd58a0bb0e2,98cbb65
2025-11-18,68,68,60,0.8823529411764706,0.7818401715681145,7dd58a0bb0e2,98cbb65
2025-11-19,28,28,21,0.75,0.7934995742130118,7dd58a0bb0e2,98cbb65
2025-11-20,5,5,5,1.0,0.8523069215248895,7dd58a0bb0e2,98cbb65
2025-11-21,7,7,6,0.8571428571428571,0.7979429320005897,7dd58a0bb0e2,98cbb65
2025-11-22,11,11,7,0.6363636363636364,0.7984720259852813,7dd58a0bb0e2,98cbb65
2025-11-23,60,60,42,0.7,0.803591408362356,7dd58a0bb0e2,98cbb65
2025-11-24,78,78,42,0.5384615384615384,0.8000069460249295,7dd58a0bb0e2,98cbb65
2025-11-25,88,88,50,0.5681818181818182,0.7930443735231989,7dd58a0bb0e2,98cbb65
2025-11-26,68,68,40,0.5882352941176471,0.7995446606624522,7dd58a0bb0e2,98cbb65
2025-11-27,18,18,8,0.4444444444444444,0.7694689103669368,7dd58a0bb0e2,98cbb65
2025-11-28,84,84,56,0.6666666666666666,0.8057990976700473,7dd58a0bb0e2,98cbb65
2025-11-29,120,120,104,0.8666666666666667,0.8099253778298227,7dd58a0bb0e2,98cbb65
2025-11-30,42,42,24,0.5714285714285714,0.7957579625424441,7dd58a0bb0e2,98cbb65
